,mean_fit_time,std_fit_time,mean_score_time,std_score_time,param_estimator__h_dim,param_estimator__k,param_estimator__lambda_,param_estimator__num_experts,param_estimator__num_layers,params,split0_test_AUC-ROC,split1_test_AUC-ROC,split2_test_AUC-ROC,split3_test_AUC-ROC,split4_test_AUC-ROC,mean_test_AUC-ROC,std_test_AUC-ROC,rank_test_AUC-ROC,split0_test_AUC-PRC,split1_test_AUC-PRC,split2_test_AUC-PRC,split3_test_AUC-PRC,split4_test_AUC-PRC,mean_test_AUC-PRC,std_test_AUC-PRC,rank_test_AUC-PRC,split0_test_NLL,split1_test_NLL,split2_test_NLL,split3_test_NLL,split4_test_NLL,mean_test_NLL,std_test_NLL,rank_test_NLL
0,30.780296277999877,6.781917422314845,0.09253897666931152,0.015622033895975508,30,4,0.01,10,1,"{'estimator__h_dim': 30, 'estimator__k': 4, 'estimator__lambda_': 0.01, 'estimator__num_experts': 10, 'estimator__num_layers': 1}",0.7419694558374748,0.7590489072224148,0.7808629617541865,0.7592878927662928,0.7953819730572176,0.7673102381275173,0.018689363178845484,32,0.38789596156452744,0.4171262497988739,0.4679206277731192,0.44429183055867616,0.47985213965327456,0.4394173618696942,0.03353361368337104,23,-0.6380151520611113,-0.5423229541105841,-0.5955983426125682,-0.565771412942493,-0.5101137978318192,-0.5703643319117152,0.043933880760736385,3
1,22.783012676239014,3.3796206447637,0.08018341064453124,0.000508706646275719,30,4,0.01,10,2,"{'estimator__h_dim': 30, 'estimator__k': 4, 'estimator__lambda_': 0.01, 'estimator__num_experts': 10, 'estimator__num_layers': 2}",0.7353826207595777,0.760601125807092,0.7817282338915263,0.7544824397191072,0.8067495790190248,0.7677887998392656,0.02445866904055168,31,0.3824914801504331,0.41085197786361316,0.4565805435617746,0.42907750473939,0.4748090321520077,0.4307621076934437,0.032668112358369056,35,-0.6551069456413545,-0.5629833275643668,-0.6097525776686399,-0.5809418695975748,-0.5302673397079627,-0.5878104120359797,0.04239115058473079,27
2,23.73102512359619,4.7290114656101725,0.09136805534362794,0.02099189187816589,30,4,0.01,10,3,"{'estimator__h_dim': 30, 'estimator__k': 4, 'estimator__lambda_': 0.01, 'estimator__num_experts': 10, 'estimator__num_layers': 3}",0.7365849172355705,0.7564861763943892,0.781079419981674,0.7498091030418115,0.7931068843825015,0.7634133002071893,0.020720145205895508,36,0.3904266479338835,0.40971240224078753,0.4481909977176876,0.4218341492942562,0.472955758913958,0.4286239912201146,0.029020546360688314,37,-0.6724967421815845,-0.5861536991958326,-0.6531750808297799,-0.5923121956791649,-0.5099842455242434,-0.6028243926821211,0.05726628905937123,47
3,47.784811449050906,11.808109757729776,0.1015401840209961,0.018625786860151518,30,4,0.01,20,1,"{'estimator__h_dim': 30, 'estimator__k': 4, 'estimator__lambda_': 0.01, 'estimator__num_experts': 20, 'estimator__num_layers': 1}",0.7407116428730849,0.73870575924686,0.7708329828504521,0.7515893151445667,0.7888819596216545,0.7581443319473237,0.019133889406296744,38,0.38811485273440915,0.3992432520457983,0.45003599522777593,0.43037393583492944,0.46828171762203424,0.42720995069298945,0.030094823699001936,40,-0.6175919770806795,-0.5834062846092244,-0.601564452771693,-0.5827880527551789,-0.5276284911236829,-0.5825958516680918,0.030353388903877253,17
4,36.59241642951965,13.803464237508308,0.09523916244506836,0.0009673971035913564,30,4,0.01,20,2,"{'estimator__h_dim': 30, 'estimator__k': 4, 'estimator__lambda_': 0.01, 'estimator__num_experts': 20, 'estimator__num_layers': 2}",0.7392396147716478,0.7307926969461446,0.7722270635590892,0.747539612518362,0.7861136738203576,0.7551825323231202,0.020759125570635327,41,0.3977745620139251,0.39182115321974964,0.445566770198561,0.41911935601556727,0.46763673406879536,0.4243837151033197,0.028690160034258422,41,-0.6293178054659176,-0.595038498965157,-0.6026758038945264,-0.5897260252722526,-0.5176397676474794,-0.5868795802490666,0.03720039111085327,26
5,34.01872572898865,3.374070870207865,0.0957529067993164,0.002216385929717852,30,4,0.01,20,3,"{'estimator__h_dim': 30, 'estimator__k': 4, 'estimator__lambda_': 0.01, 'estimator__num_experts': 20, 'estimator__num_layers': 3}",0.7177250128136541,0.7252870314604649,0.7573878987513836,0.7406594846118019,0.7893057396725305,0.746073033461967,0.025542387233159262,46,0.37148147701630274,0.4051243187941285,0.430306883837812,0.4135662680390112,0.47564542500650503,0.419224874538752,0.034106793903858734,44,-0.6471636963943276,-0.5943080994179313,-0.6167815705698071,-0.5855569618542388,-0.5070079058018006,-0.590163646807621,0.04671358435021332,30
6,31.51588444709778,21.836370006844824,0.08068780899047852,0.009361178417677732,30,4,0.05,10,1,"{'estimator__h_dim': 30, 'estimator__k': 4, 'estimator__lambda_': 0.05, 'estimator__num_experts': 10, 'estimator__num_layers': 1}",0.6675235272148556,0.7470483733668901,0.7117757761934083,0.6674602979112179,0.7295633889864211,0.7046742727345585,0.03234353622718366,57,0.34741620461923295,0.4000794929616238,0.38596876854310425,0.35010665584145206,0.4063179925138274,0.3779778228958481,0.024764162455731195,58,-0.6700882601737362,-0.5752390817988645,-0.6237738215083738,-0.6148114047324686,-0.5756389914737182,-0.6119103119374324,0.03519721769625701,53
7,21.63017864227295,9.637622040418178,0.08030309677124023,0.005474643605820675,30,4,0.05,10,2,"{'estimator__h_dim': 30, 'estimator__k': 4, 'estimator__lambda_': 0.05, 'estimator__num_experts': 10, 'estimator__num_layers': 2}",0.6669874285996275,0.6826907439994527,0.7097491439806107,0.6589063227759665,0.7984844684891261,0.7033636215689567,0.05062765472189054,58,0.3502520822713889,0.35375697245509485,0.38408181061658864,0.3382749339092723,0.46766133400759174,0.37880542665198724,0.0469225998313559,57,-0.6709024724558217,-0.6503897198756675,-0.6258535700216521,-0.6235934875850279,-0.5193291243981166,-0.6180136748672571,0.05230042441136479,59
8,14.91134238243103,5.51522344332743,0.08007369041442872,0.006112258372688903,30,4,0.05,10,3,"{'estimator__h_dim': 30, 'estimator__k': 4, 'estimator__lambda_': 0.05, 'estimator__num_experts': 10, 'estimator__num_layers': 3}",0.6573073718045774,0.6890308391289182,0.7076798930494478,0.6607066882232812,0.7201629733796712,0.6869775531171791,0.024918077700783924,70,0.34290499503909283,0.3738065487071788,0.3846332058544259,0.3391511498004437,0.39493583327318404,0.3670863465348651,0.02233275745427754,65,-0.6812776772971257,-0.6352286024151073,-0.6284788796306884,-0.6184932020488249,-0.5787738052793645,-0.6284504333342221,0.03287423282684646,65
9,33.276339054107666,2.6936525819014605,0.08936681747436523,0.0017914330322449292,30,4,0.05,20,1,"{'estimator__h_dim': 30, 'estimator__k': 4, 'estimator__lambda_': 0.05, 'estimator__num_experts': 20, 'estimator__num_layers': 1}",0.6732748111037463,0.6836328419843724,0.7054794213275282,0.6544345195442657,0.7273924259252624,0.688842803977035,0.025362517749198718,66,0.3559281146333263,0.35594598631988833,0.3737653778827173,0.33921575397340276,0.40635269101581306,0.3662415847650295,0.02283974978417313,66,-0.6640315646876441,-0.6509977184800674,-0.6264453796359911,-0.6203567060769292,-0.5924823308375832,-0.630862739943643,0.024934048682094163,67
10,25.083931159973144,3.6768355014508445,0.0925107479095459,0.0076892461462057,30,4,0.05,20,2,"{'estimator__h_dim': 30, 'estimator__k': 4, 'estimator__lambda_': 0.05, 'estimator__num_experts': 20, 'estimator__num_layers': 2}",0.6670558428580561,0.6804252226547648,0.7035514850941033,0.6474765773351009,0.7273857081437426,0.6851789672171535,0.027897936552731286,72,0.35170145378809686,0.3469931598365379,0.37566247565977456,0.32445138094756654,0.40282864947843994,0.36032742394208317,0.02676123466716301,72,-0.6650917253148615,-0.6504964285777173,-0.6228758818677073,-0.6233391453016432,-0.5951489661122125,-0.6313904294348284,0.024296423224302668,68
11,21.689042139053345,4.086929378083235,0.08885426521301269,0.0014338781904482828,30,4,0.05,20,3,"{'estimator__h_dim': 30, 'estimator__k': 4, 'estimator__lambda_': 0.05, 'estimator__num_experts': 20, 'estimator__num_layers': 3}",0.6639816874096455,0.6836294773487119,0.7034606399312717,0.652742198416395,0.723846556913045,0.6855321120038138,0.025817234763770777,71,0.34865954744806166,0.3567454643662181,0.3744882977996453,0.339389103704529,0.40209533759528554,0.36427555018274793,0.02215641435766748,71,-0.657768682869768,-0.6442226012048651,-0.6220767630764347,-0.6161383179551884,-0.5881128739182034,-0.6256638478048918,0.02403674810746826,63
12,17.836264991760252,1.306830235794858,0.08037738800048828,0.002740269787708675,30,8,0.01,10,1,"{'estimator__h_dim': 30, 'estimator__k': 8, 'estimator__lambda_': 0.01, 'estimator__num_experts': 10, 'estimator__num_layers': 1}",0.738926703655228,0.763096563921909,0.7892868879026769,0.7813474078320376,0.8149228798681524,0.7775160886360009,0.025493379841122182,3,0.3909559142176676,0.4173225160426408,0.4701631854358531,0.48368701833805605,0.4882426123425872,0.450074249275361,0.03887894316746524,4,-0.6691164678170319,-0.5570477563621015,-0.6009261915195742,-0.557275404954874,-0.4997478218018597,-0.5768227284910882,0.05623664262741109,8
13,14.151834154129029,1.384029182003408,0.08410191535949707,0.006739475954354155,30,8,0.01,10,2,"{'estimator__h_dim': 30, 'estimator__k': 8, 'estimator__lambda_': 0.01, 'estimator__num_experts': 10, 'estimator__num_layers': 2}",0.7386053809496572,0.7662514706261699,0.7878832740596684,0.7787437076779765,0.8126858586220487,0.7768339383871041,0.02443156339549958,4,0.3891708115564766,0.41394600545478794,0.4672606023710546,0.48029175519756706,0.4828328934922639,0.44670041361443,0.03805039305978323,10,-0.6731346463458566,-0.5603838968033567,-0.6153305200315309,-0.5578144467135677,-0.5062036833903777,-0.5825734386569379,0.05694221928842462,16
14,15.692149305343628,3.529600464042171,0.08533291816711426,0.002474541957232608,30,8,0.01,10,3,"{'estimator__h_dim': 30, 'estimator__k': 8, 'estimator__lambda_': 0.01, 'estimator__num_experts': 10, 'estimator__num_layers': 3}",0.7308571857963028,0.7564099113194194,0.7873477362170503,0.7681352110279102,0.8084536562645552,0.7702407401250476,0.02645624956403127,25,0.38417220587963546,0.3915727427324487,0.46246835043347717,0.4436678009258976,0.4795776999353763,0.4322917599813671,0.03807763356325435,33,-0.6857358509192902,-0.5940093346676868,-0.6009762303645324,-0.570629588300764,-0.5051482189141865,-0.591299844633292,0.058083552183406606,34
15,41.46075620651245,2.635167598832879,0.11577000617980956,0.016826218318760303,30,8,0.01,20,1,"{'estimator__h_dim': 30, 'estimator__k': 8, 'estimator__lambda_': 0.01, 'estimator__num_experts': 20, 'estimator__num_layers': 1}",0.7421948864267233,0.7605046729181597,0.7829580082254125,0.781501356991867,0.8065133370355774,0.7747344523195481,0.02183861421739701,8,0.3939110408186897,0.4117816586252619,0.4638012873594946,0.48963591783023114,0.48536386685315736,0.4488987542973669,0.03901956904637183,8,-0.6424226951759344,-0.556783032009482,-0.5949809484153965,-0.5424479967244562,-0.5055558870519095,-0.5684381118754358,0.046784061193391374,1
16,28.844230079650877,4.643449723965879,0.11083264350891113,0.013033995395532594,30,8,0.01,20,2,"{'estimator__h_dim': 30, 'estimator__k': 8, 'estimator__lambda_': 0.01, 'estimator__num_experts': 20, 'estimator__num_layers': 2}",0.7358716144755598,0.7580540966121483,0.7865480744750888,0.7573498127978217,0.8136453817491311,0.7702937960219499,0.02700298160890671,24,0.38604486437368674,0.4168790408000329,0.45716794318948095,0.43788688656114216,0.4841856576637152,0.4364328785176116,0.033566916752563306,27,-0.6528020278853411,-0.5609091672502334,-0.6002886548438777,-0.5768595167147853,-0.5117952703699684,-0.5805309274128412,0.04633910451066883,14
17,35.316157531738284,2.9373236407218264,0.11503381729125976,0.012799575986908772,30,8,0.01,20,3,"{'estimator__h_dim': 30, 'estimator__k': 8, 'estimator__lambda_': 0.01, 'estimator__num_experts': 20, 'estimator__num_layers': 3}",0.7384298591227049,0.7569762916555914,0.7792131687353567,0.7765984961126438,0.8004594962559564,0.7703354623764507,0.02108047267156862,23,0.39031090059828766,0.4076894732961398,0.4424022342702723,0.45666342502558044,0.4774524423385621,0.4349036951057685,0.03184098308015945,30,-0.7115377157207726,-0.5832186099633033,-0.6366062359830703,-0.5754979028496957,-0.5134967909812103,-0.6040714510996105,0.06642675358264717,50
18,34.628668546676636,2.633585460548104,0.07879815101623536,0.0009522258797927399,30,8,0.05,10,1,"{'estimator__h_dim': 30, 'estimator__k': 8, 'estimator__lambda_': 0.05, 'estimator__num_experts': 10, 'estimator__num_layers': 1}",0.7311902847266851,0.7587931949122224,0.7821953574757158,0.7745674868331482,0.8091231951560316,0.7711739038207606,0.02578801779167076,19,0.3792014803190981,0.41733362276558217,0.46269236336992053,0.47725034940985306,0.49048624221983333,0.44539281161685745,0.041270340697880645,15,-0.6658501295385119,-0.5598137031531757,-0.6110362499988564,-0.5441044800400094,-0.5037989250645918,-0.576920697559029,0.05619370390542666,9
19,24.304134702682497,2.120625306909965,0.08319215774536133,0.002688491336391044,30,8,0.05,10,2,"{'estimator__h_dim': 30, 'estimator__k': 8, 'estimator__lambda_': 0.05, 'estimator__num_experts': 10, 'estimator__num_layers': 2}",0.7368238063674609,0.7594795805869494,0.7830544611143447,0.7780019526351617,0.8097054028877503,0.7734130407183335,0.024347747465772215,14,0.3883106615774824,0.41711089491909975,0.4575009588624514,0.48048860038212776,0.48290261606903434,0.44526274636203916,0.03699584065589559,16,-0.6788713751791506,-0.5636181534591584,-0.6180834927467845,-0.5511494241464937,-0.5079400479887333,-0.583932498704064,0.05906256991759856,19
20,26.45202765464783,2.8359494845211923,0.0852548599243164,0.004936389127866515,30,8,0.05,10,3,"{'estimator__h_dim': 30, 'estimator__k': 8, 'estimator__lambda_': 0.05, 'estimator__num_experts': 10, 'estimator__num_layers': 3}",0.7323073437659471,0.7569202143945843,0.7915294175703518,0.7650293567052416,0.7982325516821325,0.7688037768236514,0.023958140437815866,28,0.37592083348931354,0.41229238719830674,0.47262425127712476,0.44372601884976964,0.47144175578995523,0.43520104932089393,0.03694728879034936,28,-0.7060269456642959,-0.575378817206695,-0.6091308175608268,-0.5899580236934964,-0.5242697650528244,-0.6009528738356277,0.059603116712017117,46
21,58.2677330493927,27.51802820649708,0.10313000679016113,0.0016547311012224193,30,8,0.05,20,1,"{'estimator__h_dim': 30, 'estimator__k': 8, 'estimator__lambda_': 0.05, 'estimator__num_experts': 20, 'estimator__num_layers': 1}",0.7346895058135297,0.7445282612572298,0.7737007739783565,0.6644126643617212,0.7340665418652145,0.7302795494552103,0.035946249055001794,51,0.39023681115414033,0.3898044535363533,0.4414029637615506,0.34902558502030256,0.41572954393917305,0.39723987148230394,0.030728463743761588,51,-0.6230852152666572,-0.5736642224419708,-0.6029359874157526,-0.6162263893505445,-0.5793601003217724,-0.5990543829593395,0.019595665733749285,45
22,27.62250123023987,15.679150287120553,0.10397071838378906,0.001955647624123866,30,8,0.05,20,2,"{'estimator__h_dim': 30, 'estimator__k': 8, 'estimator__lambda_': 0.05, 'estimator__num_experts': 20, 'estimator__num_layers': 2}",0.6669190143411987,0.739319805254888,0.707484744181143,0.6642570357565117,0.7326524488552899,0.7021266096778062,0.031678224882234804,59,0.350234126430996,0.40742509782220615,0.3745203470207875,0.34208732030419386,0.41266600226199057,0.37738657876803483,0.02876963312061811,59,-0.6665698492736901,-0.595721544460167,-0.6192885620528724,-0.6191834888192388,-0.5792135700393204,-0.6159954029290577,0.029471056919185,58
23,20.861856508255006,4.676152230003739,0.10513911247253419,0.002266466311323708,30,8,0.05,20,3,"{'estimator__h_dim': 30, 'estimator__k': 8, 'estimator__lambda_': 0.05, 'estimator__num_experts': 20, 'estimator__num_layers': 3}",0.6613438130518705,0.6827243903560569,0.7075307275351689,0.6608835898033033,0.7287841263301208,0.688253329415304,0.026526053084789586,68,0.34560443931195806,0.35860451598850673,0.38086623812826503,0.34461243005566666,0.4060520375254255,0.3671479322019644,0.02343792751926008,64,-0.6780158672681235,-0.6453830094415774,-0.6239745979745069,-0.6187695333031443,-0.5750748816957387,-0.6282435779366182,0.03378145310433267,64
24,23.746055936813356,2.429710694747567,0.07831807136535644,0.0037825552306279303,40,4,0.01,10,1,"{'estimator__h_dim': 40, 'estimator__k': 4, 'estimator__lambda_': 0.01, 'estimator__num_experts': 10, 'estimator__num_layers': 1}",0.7371288666673396,0.7622755928207647,0.7727553113577763,0.788347895990828,0.7937103650890329,0.7708436063851483,0.020214044398895587,21,0.3846508418853609,0.42063502358975796,0.44613398442611785,0.4829478255856464,0.4730073152122257,0.4414749981398217,0.03577506914822206,22,-0.6413584706158998,-0.5509340834081708,-0.6310122937247378,-0.5339427596516797,-0.5169108612003905,-0.5748316937201757,0.051341786896588054,6
25,21.411185026168823,4.877200692340256,0.0776412010192871,0.0007978295839739753,40,4,0.01,10,2,"{'estimator__h_dim': 40, 'estimator__k': 4, 'estimator__lambda_': 0.01, 'estimator__num_experts': 10, 'estimator__num_layers': 2}",0.7386721128902557,0.7596063151968255,0.7776037513444524,0.7594513587832753,0.8129030668911899,0.7696473210211998,0.02489420533753002,27,0.39721423047033144,0.4081008640848583,0.43127794950249493,0.4339423636286317,0.4960060042041351,0.4333082823780903,0.03427454785383482,31,-0.6549575081474133,-0.5664234729315655,-0.6174635999860874,-0.5783663215967709,-0.5055687997587701,-0.5845559404841214,0.05028988157637276,21
26,17.10376214981079,3.352818316972897,0.08068013191223145,0.0015895595072559613,40,4,0.01,10,3,"{'estimator__h_dim': 40, 'estimator__k': 4, 'estimator__lambda_': 0.01, 'estimator__num_experts': 10, 'estimator__num_layers': 3}",0.7351841072556125,0.7553635096290264,0.7705122209174913,0.773462411773136,0.7940384167532515,0.7657121332657035,0.019619074279236197,33,0.38519924181860554,0.4169005050870148,0.44793918846601927,0.4656158982468707,0.47176640508021717,0.4374842477397455,0.03235235436109488,26,-0.6871084635364549,-0.5799687498097698,-0.5988625050820893,-0.5903287210131907,-0.5000410636599176,-0.5912619006202845,0.05948778023457622,33
27,37.37413578033447,9.421004545185175,0.09793734550476074,0.0017809443934756078,40,4,0.01,20,1,"{'estimator__h_dim': 40, 'estimator__k': 4, 'estimator__lambda_': 0.01, 'estimator__num_experts': 20, 'estimator__num_layers': 1}",0.7305857718530283,0.7307657798608611,0.7696699404571643,0.7565336023431621,0.7845988140876358,0.7544307817203703,0.021332514146595243,42,0.3690735648280793,0.387962935879805,0.44375416837759507,0.4251539189145055,0.4613991225819229,0.4174687421163815,0.03432943253371934,45,-0.6475627921548037,-0.5884905431942007,-0.6000873621186952,-0.5802474968667719,-0.5314694481318885,-0.589571528493272,0.03724923423429889,29
28,29.07892689704895,8.669958217694694,0.10014224052429199,0.001978013368449259,40,4,0.01,20,2,"{'estimator__h_dim': 40, 'estimator__k': 4, 'estimator__lambda_': 0.01, 'estimator__num_experts': 20, 'estimator__num_layers': 2}",0.7277460193556273,0.7449679069835256,0.7724502510578977,0.7523103570276951,0.7866779674680234,0.7568305003785538,0.02069738030419737,39,0.3824870260764487,0.41792220167113386,0.4499882049876631,0.4323790327717762,0.46560150159716096,0.4296755934208366,0.028549902826176084,36,-0.6240831902686527,-0.5749285820774316,-0.5959789889332747,-0.5780096165756168,-0.5213207162416956,-0.5788642188193343,0.03366049615038135,11
29,30.76043767929077,2.029865992175793,0.10765433311462402,0.011576635459065867,40,4,0.01,20,3,"{'estimator__h_dim': 40, 'estimator__k': 4, 'estimator__lambda_': 0.01, 'estimator__num_experts': 20, 'estimator__num_layers': 3}",0.7140553168533479,0.7360583517547136,0.7642556809069263,0.7487454543011717,0.7811839418150549,0.7488597491262429,0.023052659248721293,44,0.37175166800938375,0.3923847899557943,0.44666112405738256,0.42089123696033537,0.4521620692820364,0.4167701776529865,0.030933319070287638,46,-0.6401260058335407,-0.602870351127186,-0.6053911045053139,-0.5821935304903715,-0.5297549364559362,-0.5920671856824697,0.03628826493856855,36
30,22.897779607772826,12.785706936375636,0.07609529495239258,0.002570814816959286,40,4,0.05,10,1,"{'estimator__h_dim': 40, 'estimator__k': 4, 'estimator__lambda_': 0.05, 'estimator__num_experts': 10, 'estimator__num_layers': 1}",0.7212298416265995,0.7339733991904687,0.722281290270483,0.6551018191752356,0.7342792716133424,0.7133731243752258,0.02965827624829604,53,0.37329509990791143,0.3928770783070969,0.4001363573477479,0.33970350535336596,0.4085140682622166,0.3829052218356678,0.024539379447347662,54,-0.6276525773429347,-0.5851133979338008,-0.630516326005833,-0.6147628438580763,-0.5880026500135096,-0.6092095590308308,0.0192630225325265,51
31,20.267277574539186,8.61597015850824,0.0773005485534668,0.000787951336377075,40,4,0.05,10,2,"{'estimator__h_dim': 40, 'estimator__k': 4, 'estimator__lambda_': 0.05, 'estimator__num_experts': 10, 'estimator__num_layers': 2}",0.6660980432400545,0.7356837556511862,0.7073591311164871,0.66724252982695,0.7876285335530793,0.7128023986775515,0.04562704151185561,54,0.3460608691506627,0.3962325297419499,0.38265984529565106,0.3518695188261282,0.4559473554190763,0.38655402368669367,0.03941315271689101,53,-0.657426017390248,-0.5872391869836359,-0.6251177375973548,-0.6167353605774816,-0.5302378577842835,-0.6033512320666008,0.042853614929236394,48
32,12.33869285583496,2.4920508276630793,0.08066534996032715,0.003246759380823247,40,4,0.05,10,3,"{'estimator__h_dim': 40, 'estimator__k': 4, 'estimator__lambda_': 0.05, 'estimator__num_experts': 10, 'estimator__num_layers': 3}",0.6572501729983502,0.691114109375333,0.70588654224244,0.655441067141987,0.7380434685249544,0.6895470720566129,0.031072958090090017,64,0.33860033214844376,0.3614766761417882,0.3785510235571268,0.33732727094703613,0.40963257340295683,0.3651175752394703,0.027021339475505425,68,-0.6693107629566157,-0.6400023007050427,-0.622221321505809,-0.6138010387825956,-0.5596701927395626,-0.6210011233379251,0.03608234795757721,60
33,28.90276222229004,6.413102848979437,0.09743733406066894,0.0029848946622626064,40,4,0.05,20,1,"{'estimator__h_dim': 40, 'estimator__k': 4, 'estimator__lambda_': 0.05, 'estimator__num_experts': 20, 'estimator__num_layers': 1}",0.6745589803808095,0.6851469280315646,0.7054906367797296,0.6525591388699796,0.7304613324495718,0.6896434033023311,0.0266091672999395,63,0.35269685360801734,0.3574760869529404,0.3795565211407806,0.33863452118938153,0.4089439691451897,0.3674615904072619,0.024559245700490066,62,-0.6687007484876257,-0.6481606283054812,-0.6289999921065088,-0.6200544340520655,-0.5935027631800591,-0.6318837132263481,0.02546282415467429,71
34,26.514740991592408,8.23644318641554,0.09829668998718262,0.0025953056827508433,40,4,0.05,20,2,"{'estimator__h_dim': 40, 'estimator__k': 4, 'estimator__lambda_': 0.05, 'estimator__num_experts': 20, 'estimator__num_layers': 2}",0.6761583038647327,0.7094154842776184,0.7152806050063535,0.6510756287843503,0.7279365662283689,0.6959733176322848,0.028226050680798684,62,0.3523469571065662,0.3503958388059141,0.39378279959604007,0.3291987980089371,0.410833315078491,0.3673115417191897,0.030191168512407968,63,-0.6593382018334439,-0.6499801544757189,-0.6273153775004913,-0.6232536697677372,-0.5990237412142646,-0.6317822289583311,0.021242898753806513,70
35,19.068611335754394,3.1155384456346074,0.09506592750549317,0.002668819762891206,40,4,0.05,20,3,"{'estimator__h_dim': 40, 'estimator__k': 4, 'estimator__lambda_': 0.05, 'estimator__num_experts': 20, 'estimator__num_layers': 3}",0.6645637693788996,0.6887011048341963,0.7042417961771009,0.6497511061946902,0.7277602244634732,0.687003600209672,0.027757642770153367,69,0.3452896691158242,0.3566525025569863,0.3778185167242157,0.3264988009009534,0.41569371696295226,0.36439064125218634,0.03057067519470405,70,-0.6589587414437749,-0.6445463452936201,-0.6245886517022744,-0.6221606222885052,-0.5986485038999056,-0.6297805729256161,0.020608828046353212,66
36,14.113881397247315,1.1194908585611247,0.08767056465148926,0.0073671890877087766,40,8,0.01,10,1,"{'estimator__h_dim': 40, 'estimator__k': 8, 'estimator__lambda_': 0.01, 'estimator__num_experts': 10, 'estimator__num_layers': 1}",0.7412763408914266,0.761459107900501,0.7826596771968548,0.7876716393178317,0.8180891942244994,0.7782311919062227,0.025862550893232545,2,0.3947356610671561,0.41584256748493675,0.46083519094487974,0.4928189216460906,0.4929171263817721,0.4514298935049671,0.04000848791729741,2,-0.6834906347798654,-0.5643689559390597,-0.6123439946915892,-0.5545036014880481,-0.5010583224096035,-0.5831531018616332,0.06137250126775231,18
37,11.685485553741454,1.895762868636443,0.08549585342407226,0.0027682060147380073,40,8,0.01,10,2,"{'estimator__h_dim': 40, 'estimator__k': 8, 'estimator__lambda_': 0.01, 'estimator__num_experts': 10, 'estimator__num_layers': 2}",0.7391240956139731,0.765338532816974,0.7893928739259803,0.7761540029020817,0.8140282952957616,0.7768075601109541,0.024882855431444428,6,0.3985658121477015,0.4152291439333485,0.4649432909662648,0.47382538387648054,0.49377080438906035,0.4492668870625711,0.03621777192862006,7,-0.6851560621840328,-0.577228841800241,-0.6118020062560864,-0.5716297728072007,-0.5078634711508684,-0.5907360308396858,0.05792110503165434,31
38,11.33967638015747,1.0774436885341383,0.08641257286071777,0.0009709181314207033,40,8,0.01,10,3,"{'estimator__h_dim': 40, 'estimator__k': 8, 'estimator__lambda_': 0.01, 'estimator__num_experts': 10, 'estimator__num_layers': 3}",0.7341074238442757,0.7642203522324919,0.784423867828139,0.7741196347318262,0.8098834240980259,0.7733509405469517,0.024824359850337287,15,0.3850304585951826,0.41419369135737183,0.46051849216208046,0.4599767632676009,0.489182040049576,0.44178028908636235,0.0371772014991786,21,-0.6820204686465591,-0.5971994016087309,-0.6087069598153005,-0.5627720961276519,-0.5096650344253091,-0.5920727921247103,0.056644737595287216,37
39,30.687433576583864,5.050785172660126,0.10647344589233398,0.0037411730071068966,40,8,0.01,20,1,"{'estimator__h_dim': 40, 'estimator__k': 8, 'estimator__lambda_': 0.01, 'estimator__num_experts': 20, 'estimator__num_layers': 1}",0.7420075883749595,0.757145644983833,0.7830376379360426,0.7808530910752034,0.7927799523485363,0.771164782943715,0.018701453273888075,20,0.3892964118033533,0.4232525754444763,0.462322560796051,0.48441149111845716,0.4694523156450572,0.445747070961479,0.03471109944323569,13,-0.6497155409834244,-0.5541800287574655,-0.596532998365414,-0.5448752655803897,-0.5171923567962637,-0.5724992380965914,0.04625474564134039,4
40,24.413079357147218,4.964850844497501,0.10777716636657715,0.002380694156702576,40,8,0.01,20,2,"{'estimator__h_dim': 40, 'estimator__k': 8, 'estimator__lambda_': 0.01, 'estimator__num_experts': 20, 'estimator__num_layers': 2}",0.7427293027241212,0.7579127819144105,0.7835647641895097,0.7536931003905271,0.8039079574361363,0.768361581330941,0.022253256265845164,29,0.394962799487143,0.4180318961208056,0.46050555444338487,0.4332883652083201,0.4848659985253639,0.4383309227570035,0.03154520423821149,24,-0.6795989094881066,-0.5707291971087101,-0.6121453758528564,-0.5909602927272674,-0.5141401444218718,-0.5935147839197624,0.05400669850609376,39
41,24.600207233428954,4.407551962971155,0.11157011985778809,0.0036699296078608326,40,8,0.01,20,3,"{'estimator__h_dim': 40, 'estimator__k': 8, 'estimator__lambda_': 0.01, 'estimator__num_experts': 20, 'estimator__num_layers': 3}",0.7307753129952324,0.7515003471182456,0.7831301654167045,0.7779263775930637,0.7966247626383863,0.7679913931523266,0.023684372109866226,30,0.3892901263376667,0.4110626483781696,0.4558883247650464,0.47050047178780124,0.4892343438415786,0.4431951830220525,0.03732171992189543,19,-0.6908337766218059,-0.5857933346061501,-0.6194808211960301,-0.575839731625393,-0.510483177559099,-0.5964861683216955,0.05893615480160916,42
42,26.858117055892944,1.6138675274974206,0.0845263957977295,0.004298702036322933,40,8,0.05,10,1,"{'estimator__h_dim': 40, 'estimator__k': 8, 'estimator__lambda_': 0.05, 'estimator__num_experts': 10, 'estimator__num_layers': 1}",0.735495896826812,0.7523151497206791,0.7859076721543875,0.7791411764178997,0.8089418150549962,0.7723603420349548,0.02580120575488784,17,0.38148896409945376,0.4031813562067195,0.4689333804449178,0.48534887081975076,0.48837566280257966,0.4454656468746843,0.044415431359660196,14,-0.6676224677284943,-0.5750799553130166,-0.5965708212307412,-0.5526175087819951,-0.508680196452592,-0.5801141899013679,0.05255995778820839,12
43,23.897632932662965,3.4016577497856337,0.08676056861877442,0.004416746810882358,40,8,0.05,10,2,"{'estimator__h_dim': 40, 'estimator__k': 8, 'estimator__lambda_': 0.05, 'estimator__num_experts': 10, 'estimator__num_layers': 2}",0.7383435001407539,0.7558951220633741,0.7848365964691513,0.7840686691626956,0.8048439683278995,0.7735975712327748,0.023530929206916573,12,0.3880443178760672,0.41334255326246516,0.4558543811754476,0.4885267483625855,0.477230128092961,0.4445996257539053,0.038200834370647134,17,-0.6691782017600241,-0.5809164124326222,-0.6076589217522527,-0.5610307748990346,-0.5108182483781942,-0.5859205118444255,0.052324547564767086,25
44,18.97647304534912,2.614554657904262,0.08719081878662109,0.004185285402203367,40,8,0.05,10,3,"{'estimator__h_dim': 40, 'estimator__k': 8, 'estimator__lambda_': 0.05, 'estimator__num_experts': 10, 'estimator__num_layers': 3}",0.7355934712609645,0.7577322131339675,0.7945009516311193,0.7723439011500841,0.8077785192218121,0.7735898112795895,0.025701677405841714,13,0.3830367247125004,0.4113023993255339,0.47031643255252353,0.47129784190948865,0.47365405319331433,0.44192149033867223,0.037632811953357964,20,-0.717767790144126,-0.5810612646189187,-0.598088451672587,-0.5720448818699009,-0.5164046724851881,-0.5970734121581442,0.06626978940704358,43
45,54.76151933670044,5.8897290664185675,0.10901417732238769,0.003132231450911548,40,8,0.05,20,1,"{'estimator__h_dim': 40, 'estimator__k': 8, 'estimator__lambda_': 0.05, 'estimator__num_experts': 20, 'estimator__num_layers': 1}",0.7284413773921158,0.7514695046246918,0.7724581018744385,0.7623064159292036,0.7857173247106876,0.7600785449062275,0.019445255528127467,37,0.3825408514194444,0.40911940740677233,0.4469222768227413,0.45714799072332934,0.46727806354720147,0.4326017179838978,0.031835691051728655,32,-0.6252025123981911,-0.5725488542791178,-0.6040948617125936,-0.5651538024253009,-0.5230936626195056,-0.5780187386869419,0.03498131757137802,10
46,37.141969966888425,13.164168919355753,0.10652217864990235,0.0013250714580965574,40,8,0.05,20,2,"{'estimator__h_dim': 40, 'estimator__k': 8, 'estimator__lambda_': 0.05, 'estimator__num_experts': 20, 'estimator__num_layers': 2}",0.724972438026215,0.7497210156264895,0.7751565396741015,0.6602504388950593,0.7940182634086919,0.7408237391261114,0.0465421971826108,49,0.37835417625792456,0.4221627329338615,0.4518956434697521,0.344708608904061,0.47082570006873065,0.41358937232686593,0.04648214441281557,48,-0.6252241816479656,-0.5755472678815495,-0.614798751335204,-0.6190794052270776,-0.5260698940374707,-0.5921439000258535,0.03734780107684623,38
47,23.35456395149231,14.056088551280162,0.10870571136474609,0.0026529333551856093,40,8,0.05,20,3,"{'estimator__h_dim': 40, 'estimator__k': 8, 'estimator__lambda_': 0.05, 'estimator__num_experts': 20, 'estimator__num_layers': 3}",0.7220934314461092,0.687525725443487,0.7062101080384511,0.659480693095912,0.7352029665723192,0.7021025849192557,0.026612972218038784,60,0.37436445797301277,0.3519804255580061,0.373991262170807,0.34120513149184317,0.4120975278504023,0.3707277610088143,0.02432439866994684,60,-0.6726569961826231,-0.6438661878115362,-0.6193257313485593,-0.617306141600111,-0.5714390895431447,-0.6249188292971948,0.033428291296592694,62
48,20.82441053390503,0.7941831955979446,0.07872476577758789,0.0024949793165290903,50,4,0.01,10,1,"{'estimator__h_dim': 50, 'estimator__k': 4, 'estimator__lambda_': 0.01, 'estimator__num_experts': 10, 'estimator__num_layers': 1}",0.7432457742979968,0.7560880278412386,0.7772179397887233,0.7835234092293362,0.8054569658915839,0.7731064234097758,0.021694515032470954,16,0.39355921175973474,0.4128669537035269,0.44557793170396914,0.480030892834655,0.48478659103879806,0.44336431620813677,0.035988276802515505,18,-0.6430950168825579,-0.5463281594704176,-0.6204972065730482,-0.5528123352139185,-0.5044093266823868,-0.5734284089644659,0.05097447931213995,5
49,17.31293730735779,0.938241382158818,0.09013476371765136,0.00837747145314438,50,4,0.01,10,2,"{'estimator__h_dim': 50, 'estimator__k': 4, 'estimator__lambda_': 0.01, 'estimator__num_experts': 10, 'estimator__num_layers': 2}",0.7418898261268445,0.7559601716861423,0.7845534063010653,0.781341809680771,0.8065849933717888,0.7740660414333224,0.022731190955982538,11,0.3956731341886801,0.40566512251452325,0.4761846459616494,0.4827132852344207,0.49055572766950606,0.4501583831137559,0.04078584569737007,3,-0.6816066059925568,-0.5757434315927378,-0.6125431337408139,-0.5499777941163506,-0.5022967312982626,-0.5844335393481443,0.060401863823729494,20
50,16.766217136383055,3.905291810955719,0.08718352317810059,0.008301863697286853,50,4,0.01,10,3,"{'estimator__h_dim': 50, 'estimator__k': 4, 'estimator__lambda_': 0.01, 'estimator__num_experts': 10, 'estimator__num_layers': 3}",0.7367441766568308,0.7562147624511147,0.7744337037797195,0.758763905807746,0.7915853068682599,0.7635483711127342,0.018437451008839114,35,0.38734957967838646,0.4065633644416749,0.4469251416797231,0.4335466381854861,0.46637826140259003,0.42815259707757214,0.028191086244015846,39,-0.6676121008932409,-0.5797473519094943,-0.6543255756006664,-0.6157708913161125,-0.5286534584386886,-0.6092218756316405,0.050688596668396146,52
51,32.357678937911984,2.9699798836914804,0.10233144760131836,0.004514563911247378,50,4,0.01,20,1,"{'estimator__h_dim': 50, 'estimator__k': 4, 'estimator__lambda_': 0.01, 'estimator__num_experts': 20, 'estimator__num_layers': 1}",0.7299879882506923,0.7384730386136804,0.7739295692032655,0.7594726317580882,0.7804920103185125,0.7564710476288478,0.01957598985453626,40,0.38687729704022383,0.3983306696272007,0.4577226729716841,0.4411121515104584,0.45882690842702095,0.42857393991531756,0.03025016666843062,38,-0.6065504164431531,-0.5787711905111288,-0.5880478005269284,-0.582185695236638,-0.5457190415499574,-0.5802548288535612,0.019752662436157788,13
52,26.490141248703004,5.4929620072749925,0.10548100471496583,0.004419957464983039,50,4,0.01,20,2,"{'estimator__h_dim': 50, 'estimator__k': 4, 'estimator__lambda_': 0.01, 'estimator__num_experts': 20, 'estimator__num_layers': 2}",0.7310052297653615,0.7354818775115604,0.7692134715525663,0.7533672879868153,0.7826316237325786,0.7543398981097763,0.019609806647449882,43,0.3876954047326462,0.3946739740273852,0.4473510412747388,0.43146544194731595,0.4598018872526032,0.42419754984693786,0.028497801283938137,42,-0.6444514459788943,-0.5882086293139426,-0.6032826332413944,-0.5808270932350114,-0.5280219856760515,-0.5889583574890589,0.03758879808242993,28
53,24.490725421905516,7.650692691102255,0.10328354835510253,0.0025503811310076544,50,4,0.01,20,3,"{'estimator__h_dim': 50, 'estimator__k': 4, 'estimator__lambda_': 0.01, 'estimator__num_experts': 20, 'estimator__num_layers': 3}",0.724947764031372,0.7355547779508695,0.764182219695007,0.7502715103364265,0.7382965049622012,0.7426505553951752,0.013449075481382187,47,0.38011683654127776,0.3923404920747836,0.44000747814414387,0.42242041953398757,0.41215250851670376,0.4094075469621793,0.021271838351855685,49,-0.6643820643180047,-0.6112377156149876,-0.6176294051089408,-0.6056896376336268,-0.5662344067865335,-0.6130346458924187,0.03132126969438412,55
54,31.597817611694335,14.242207649261793,0.08768324851989746,0.007437044419774323,50,4,0.05,10,1,"{'estimator__h_dim': 50, 'estimator__k': 4, 'estimator__lambda_': 0.05, 'estimator__num_experts': 10, 'estimator__num_layers': 1}",0.7301349106745308,0.7389693223735934,0.7841748847892672,0.6728972224212677,0.732491222098814,0.7317335124714947,0.035404217697809895,50,0.3831956559422827,0.39958761882311156,0.47013395192203683,0.363949896796962,0.4125274184237375,0.40587890838162616,0.03601406831826441,50,-0.6312821784214925,-0.5746552358616828,-0.5903220677136423,-0.6140270094944186,-0.5841902500322269,-0.5988953483046926,0.02076149340447661,44
55,14.545418882369995,5.890619679924034,0.08825669288635254,0.006758909689172434,50,4,0.05,10,2,"{'estimator__h_dim': 50, 'estimator__k': 4, 'estimator__lambda_': 0.05, 'estimator__num_experts': 10, 'estimator__num_layers': 2}",0.7269676669728484,0.7329550361305792,0.714182051463224,0.6537840143670954,0.7196792931102434,0.7095136124087981,0.028583449239191913,56,0.3815164973055366,0.38494759547116236,0.3951190665200688,0.3380647031688996,0.4044150982005447,0.3808125921332424,0.02283299913739733,55,-0.6342894459216928,-0.5876799942388656,-0.6232559203892897,-0.6249611959923089,-0.5991201955929423,-0.6138613504270198,0.0175016379780978,56
56,15.956307744979858,6.980982224520291,0.08935489654541015,0.0029870581261812966,50,4,0.05,10,3,"{'estimator__h_dim': 50, 'estimator__k': 4, 'estimator__lambda_': 0.05, 'estimator__num_experts': 10, 'estimator__num_layers': 3}",0.7129046114574817,0.7339128357485809,0.712238413596717,0.6602722716849987,0.736013578875712,0.7110683422726981,0.027309769130927534,55,0.36056424857486397,0.3908517876656103,0.3856859969915927,0.3466079939552193,0.4156143317501857,0.3798648717874944,0.024129466162041178,56,-0.6444049329307697,-0.6087695046528473,-0.6181789534734148,-0.6174050230944078,-0.5738527685376207,-0.612522236537812,0.022723367410445918,54
57,33.34606304168701,17.107500831237683,0.1044576644897461,0.009022666769300863,50,4,0.05,20,1,"{'estimator__h_dim': 50, 'estimator__k': 4, 'estimator__lambda_': 0.05, 'estimator__num_experts': 20, 'estimator__num_layers': 1}",0.672894607274118,0.7343906140123616,0.7080735554217178,0.6491168356561929,0.7307535559456845,0.699045833662015,0.033205193551791246,61,0.35363849121293245,0.3736967517221921,0.38096976193870635,0.3323086435886776,0.4065644668392876,0.3694356230603592,0.025130485856001323,61,-0.6620838894114462,-0.5902350931503889,-0.6325085780827276,-0.6297539533952119,-0.5972592127701203,-0.622368145361979,0.026068027933872827,61
58,19.31137270927429,2.6054659840348773,0.10089764595031739,0.0062342200062693405,50,4,0.05,20,2,"{'estimator__h_dim': 50, 'estimator__k': 4, 'estimator__lambda_': 0.05, 'estimator__num_experts': 20, 'estimator__num_layers': 2}",0.6790810507084241,0.6869178479341698,0.7073866089743804,0.651366172835083,0.7210049353301565,0.6891513231564428,0.02400539373111313,65,0.3556562038661079,0.34907430539620843,0.3807713939901711,0.33939598730665044,0.40339835563522236,0.36565924923887205,0.023313074773155213,67,-0.6533481269718886,-0.6466316711924712,-0.6265849954213892,-0.6255517761166249,-0.6050750742493047,-0.6314383287903358,0.017112010091573687,69
59,19.983187007904053,6.977922129450327,0.10419330596923829,0.005185179429039997,50,4,0.05,20,3,"{'estimator__h_dim': 50, 'estimator__k': 4, 'estimator__lambda_': 0.05, 'estimator__num_experts': 20, 'estimator__num_layers': 3}",0.6844913848503915,0.6795941576466392,0.7056173713896058,0.6467639326788721,0.7274551252194476,0.6887843943569913,0.027008828639077984,67,0.3578675256418803,0.3470345185179726,0.37790953210110806,0.3352732135679499,0.40581058542987836,0.36477907505175783,0.024856501805210564,69,-0.6682767848540987,-0.6506305086492412,-0.6295693594735281,-0.6317030849453841,-0.6002985617449688,-0.6360956599334442,0.022760519237416618,72
60,12.875883483886719,1.2623101953452907,0.08555889129638672,0.003787593841984959,50,8,0.01,10,1,"{'estimator__h_dim': 50, 'estimator__k': 8, 'estimator__lambda_': 0.01, 'estimator__num_experts': 10, 'estimator__num_layers': 1}",0.7417081358011814,0.7673618003941111,0.7906770432030434,0.786957315216223,0.815247572641611,0.780390373451234,0.024617164173174364,1,0.39269651630648134,0.4177762206656796,0.4715073278494012,0.48968611875435586,0.4939055849203965,0.4531143536992629,0.04059265638853506,1,-0.6819752507232089,-0.5688900140297916,-0.5991331043399934,-0.5558576361171388,-0.5023874822889223,-0.581648697499811,0.059129391764299474,15
61,10.61346607208252,1.8967763790731131,0.08952336311340332,0.006213403090948564,50,8,0.01,10,2,"{'estimator__h_dim': 50, 'estimator__k': 8, 'estimator__lambda_': 0.01, 'estimator__num_experts': 10, 'estimator__num_layers': 2}",0.7397039344927868,0.7648686053697342,0.7942059852382217,0.7729820903944682,0.8122839113611121,0.7768089053712647,0.024880227405563903,5,0.392707012741895,0.4129523312114913,0.4742448700434815,0.4695250945348541,0.4828068747359764,0.44644723665353964,0.03643415865531412,11,-0.7011272378591513,-0.5795009989844938,-0.5996920626175907,-0.5563895530217065,-0.48781583500028247,-0.584905137496645,0.06927467892013792,22
62,10.417832469940185,0.7034954002716375,0.09266724586486816,0.005956957677352411,50,8,0.01,10,3,"{'estimator__h_dim': 50, 'estimator__k': 8, 'estimator__lambda_': 0.01, 'estimator__num_experts': 10, 'estimator__num_layers': 3}",0.7319720017451242,0.7612190972233905,0.7766986643517974,0.7718826134857224,0.8072545322632655,0.7698053818138599,0.024328419740881548,26,0.3847981953593731,0.4140822443475767,0.4448153449645923,0.4566654985673492,0.4756382410483646,0.43519990485745125,0.03217071755929836,29,-0.6560326175138087,-0.5812816737927324,-0.6197701447178543,-0.5878098695175444,-0.5138644322770627,-0.5917517475638006,0.047135242760573584,35
63,28.449319744110106,2.076522772379684,0.10901341438293458,0.004328672917063843,50,8,0.01,20,1,"{'estimator__h_dim': 50, 'estimator__k': 8, 'estimator__lambda_': 0.01, 'estimator__num_experts': 20, 'estimator__num_layers': 1}",0.7399002049063118,0.7577389424052884,0.7849061322728003,0.7801891503349934,0.7952728091075203,0.7716014478053828,0.020041130041614407,18,0.38813376915475867,0.4174203917218178,0.47910841840947965,0.4840231276710856,0.48008298525506743,0.4497537384424418,0.03949282823871636,5,-0.6420209819601864,-0.5586235008512765,-0.590262395998573,-0.5491455254474457,-0.5111656865079189,-0.5702436181530801,0.043870491382975066,2
64,23.693271780014037,2.0589582878183084,0.11304912567138672,0.004307254125358091,50,8,0.01,20,2,"{'estimator__h_dim': 50, 'estimator__k': 8, 'estimator__lambda_': 0.01, 'estimator__num_experts': 20, 'estimator__num_layers': 2}",0.7422464775068498,0.7571075124463481,0.7839006669829425,0.7828415544050734,0.8071190570026157,0.7746430536687658,0.022647926899017574,9,0.39506959987016,0.4154147592736294,0.4674253753875313,0.48280280849564294,0.4870970616787279,0.4495619209411383,0.037331991926522784,6,-0.6740671739753272,-0.5649857615147669,-0.6011835146194767,-0.5657259735599617,-0.5209265230844008,-0.5853777893507867,0.05113046505329497,24
65,21.209745359420776,3.753663858467225,0.11402130126953125,0.0025493333540697345,50,8,0.01,20,3,"{'estimator__h_dim': 50, 'estimator__k': 8, 'estimator__lambda_': 0.01, 'estimator__num_experts': 20, 'estimator__num_layers': 3}",0.7334221597147687,0.7623698026192567,0.7779032039182303,0.7544354152484682,0.7937898588370177,0.7643840880675483,0.0205384531646456,34,0.37772685496835157,0.41761690230088755,0.44774895624002653,0.42631580182600065,0.4864377558716674,0.43116925424138675,0.03575697435283392,34,-0.6715371085759154,-0.56917228249045,-0.6263831336039536,-0.6159136247615625,-0.49894337400155786,-0.5963899046866878,0.058590949777930425,41
66,22.041227769851684,0.6342728132611584,0.08907413482666016,0.006558563516277997,50,8,0.05,10,1,"{'estimator__h_dim': 50, 'estimator__k': 8, 'estimator__lambda_': 0.05, 'estimator__num_experts': 10, 'estimator__num_layers': 1}",0.7379375007710623,0.7636573365319803,0.7854568109758902,0.7802081840492996,0.8042477652180143,0.7743015195092493,0.022323742230141077,10,0.38149992467812716,0.4175602316493669,0.4705396998993774,0.4776840758548267,0.4838309915783535,0.4462229847320104,0.04001522956859991,12,-0.6552866111992616,-0.5643183665270052,-0.604699124026454,-0.5532799843612993,-0.5048425078372226,-0.5764853187902486,0.0506455864332199,7
67,18.781849908828736,3.19889557639255,0.09122490882873535,0.005374746592201861,50,8,0.05,10,2,"{'estimator__h_dim': 50, 'estimator__k': 8, 'estimator__lambda_': 0.05, 'estimator__num_experts': 10, 'estimator__num_layers': 2}",0.7386104279031478,0.7630045972138574,0.7915434368856035,0.7768593699616639,0.8066745637920534,0.7753384791512652,0.023443286274640505,7,0.38218716904596445,0.41420375394895137,0.47300069885776197,0.48269788214575227,0.48706865672252847,0.4478316321441917,0.04202073567545651,9,-0.6810713397188061,-0.5809532059854852,-0.6059174857261662,-0.553315152657317,-0.505088189934592,-0.5852690748044733,0.05843472426404264,23
68,16.33340902328491,1.7394224698087202,0.08929038047790527,0.002810077133788685,50,8,0.05,10,3,"{'estimator__h_dim': 50, 'estimator__k': 8, 'estimator__lambda_': 0.05, 'estimator__num_experts': 10, 'estimator__num_layers': 3}",0.7335410435081037,0.7598474474191563,0.7808461385758845,0.7671465775142416,0.8109560298806922,0.7704674473796157,0.025433892437450097,22,0.3848807737220218,0.41768014553462,0.44700790147461034,0.4567496355732752,0.4826461581109435,0.4377929228830942,0.033646113708355165,25,-0.6904124725194605,-0.5907063277688429,-0.6259974926248701,-0.5837842074269027,-0.5284491148345424,-0.6038699230349238,0.053374632043051325,49
69,42.72140307426453,13.7092096853295,0.11000728607177734,0.0033888980542495077,50,8,0.05,20,1,"{'estimator__h_dim': 50, 'estimator__k': 8, 'estimator__lambda_': 0.05, 'estimator__num_experts': 20, 'estimator__num_layers': 1}",0.7309121415120898,0.7434712048872454,0.7789697934225859,0.7481755625022393,0.7387264429794705,0.7480510290607262,0.016478165308636807,45,0.3860734641332122,0.40559136684309627,0.4613258146699629,0.43157728994254474,0.41491955120553226,0.41989749735886966,0.02540170691869564,43,-0.6268439835146119,-0.5746241243529656,-0.5927790178679243,-0.5763685160632038,-0.5831692168041082,-0.5907569717205627,0.019137562728352077,32
70,36.75603175163269,13.634665942215141,0.11426119804382324,0.0017322682107812329,50,8,0.05,20,2,"{'estimator__h_dim': 50, 'estimator__k': 8, 'estimator__lambda_': 0.05, 'estimator__num_experts': 20, 'estimator__num_layers': 2}",0.7432749344737205,0.7421102097626026,0.781535888886272,0.6547972797463365,0.7908709827666511,0.7425178591271167,0.04807508835139259,48,0.39581655118130565,0.41966302482441487,0.4575060586977163,0.3418891857031426,0.46653205055226543,0.41628137419176897,0.04514210304644752,47,-0.6514338535626163,-0.5725256339702801,-0.6013597660533256,-0.6220405812895377,-0.5274339661318513,-0.5949587602015222,0.04248923874620653,40
71,26.316118717193604,9.774337885817998,0.1137965202331543,0.0024413496221367607,50,8,0.05,20,3,"{'estimator__h_dim': 50, 'estimator__k': 8, 'estimator__lambda_': 0.05, 'estimator__num_experts': 20, 'estimator__num_layers': 3}",0.7254872272822603,0.7314499224451481,0.7667157903473089,0.6611702151481494,0.7326692433090896,0.7234984797063913,0.034362281546720906,52,0.3800666969447186,0.3819684487946852,0.4413407725503735,0.34602784613693904,0.40717154486735013,0.3913150618588133,0.03168222397637653,52,-0.6295503936495568,-0.6209508142833546,-0.6185287757497578,-0.6209415375704599,-0.5820149016003485,-0.6143972845706955,0.016619751261534497,57
